Algorithm,Total Time (s),Average Lookup Time (s),Unmatched Lookups
Linear Search,3.5586254596710205,0.00035586254596710207,7284
Binary Trie,0.06902647018432617,6.902647018432617e-06,7284
Multibit Trie,0.06284236907958984,6.2842369079589845e-06,8281
Path Compressed Trie,0.07700395584106445,7.700395584106446e-06,7284
